<?xml version="1.0" encoding="UTF-8"?>
<project-private xmlns="http://www.netbeans.org/ns/project-private/1">
    <editor-bookmarks xmlns="http://www.netbeans.org/ns/editor-bookmarks/2" lastBookmarkId="0"/>
    <open-files xmlns="http://www.netbeans.org/ns/projectui-open-files/2">
        <group>
            <file>file:/C:/Users/27681/Documents/NetBeansProjects/POE_Part2/test/poe_part2/POE_Part1Test.java</file>
            <file>file:/C:/Users/27681/Documents/NetBeansProjects/POE_Part2/test/poe_part2/TaskClassTest.java</file>
            <file>file:/C:/Users/27681/Documents/NetBeansProjects/POE_Part2/test/poe_part2/LoginTest.java</file>
            <file>file:/C:/Users/27681/Documents/NetBeansProjects/POE_Part2/src/poe_part2/Registration.java</file>
            <file>file:/C:/Users/27681/Documents/NetBeansProjects/POE_Part2/src/poe_part2/POE_Part1.java</file>
            <file>file:/C:/Users/27681/Documents/NetBeansProjects/POE_Part2/src/poe_part2/Login.java</file>
            <file>file:/C:/Users/27681/Documents/NetBeansProjects/POE_Part2/test/poe_part2/RegistrationTest.java</file>
            <file>file:/C:/Users/27681/Documents/NetBeansProjects/POE_Part2/src/poe_part2/TaskClass.java</file>
        </group>
    </open-files>
</project-private>
